Workbook
Name STOCKS: [1]AB8!$B$8:$B$257

Sheet AB5
A1: Wishing You A Peace, Joy & Prosperity !! | H1: ENTRY | I1: LOTS | K1: TGT 1 | L1: LOTS | N1: TGT 2 | O1: LOTS | Q1: TGT 3 | R1: LOTS | T1: TGT 4 | U1: LOTS | W1: TGT 5 | X1: LOTS | Z1: TGT 6 | AA1: LOTS
H2: SL AFTER ENTRY | K2: TR PROFIT AFTER TGT 1 | N2: TR PROFIT AFTER TGT 2 | Q2: TR PROFIT AFTER TGT 3 | T2: TR PROFIT AFTER TGT 4 | W2: TR PROFIT AFTER TGT 5 | Z2: TR PROFIT AFTER TGT 6
A4: A | B4: Sr. No. | D4: BULL / BULL CF | F4: BUY | G4: E & T
A5: A | B5: Strategy Code | G5: SL / TRP
B6: Unique Code
A7: B | F7: SELL | G7: E & T
A8: B | G8: SL / TRP
A9: C | B9: Segment
A10: D | B10: Symbol | D10: BEAR / BEAR CF | F10: BUY | G10: E & T
A11: D | B11: No. of TGT | G11: SL / TRP
B12: Stay Blessed !!!
A13: E | F13: SELL | G13: E & T
A14: E | G14: SL / TRP
B16: For Entry | D16: Gap Check | G16: Process | I16: Y / N | K16: Order Status | L16: Step 1 | P16: Order Placement Timings | R16: Time | T16: Rules For Gaps | W16: Data | X16: Buffer | Z16: + | - | AA16: Rules For Re Entry
A17: A | B17: ORPT | C17: RC. Time | D17: For Long Entry | G17: Check If | H17: HH > Long Entry | I17: No | K17: Entry Not Missed | L17: Place the Order at ORPT | P17: ORPT Time | T17: N.A. | W17: N.A. | X17: N.A. | AA17: Long Entry : Bull/ Bull CF :
A18: B | I18: Yes | K18: Entry Missed | L18: Recalcuate : Long Entry : Bull / Bull CF | P18: Wait Till Recalculation Time | T18: Max | U18: HH | Z18: + | AA18: CDHH
L19: Recalcuate : Long Entry : Bear / Bear CF | P19: Wait Till Recalculation Time | T19: Max | U19: HH | Z19: + | AA19: Long Entry : Bear/ Bear CF :
B20: For SL (Position = Open) | D20: For Short Entry | G20: Check If | H20: LL < Short Entry | I20: No | K20: Entry Not Missed | L20: Place the Order at ORPT | P20: ORPT Time | T20: N.A. | W20: N.A. | X20: N.A. | AA20: CDHH
A21: A | B21: ORPT | C21: RC. Time | I21: Yes | K21: Entry Missed | L21: Recalcuate : Short Entry : Bull / Bull CF | P21: Wait Till Recalculation Time | T21: Min | U21: LL | Z21: - | AA21: When Your Long Position is Exited
A22: B | L22: Recalcuate : Short Entry : Bear / Bear CF | P22: Wait Till Recalculation Time | T22: Min | U22: LL | Z22: - | AA22: This is Only Applicable for Same Day
B24: For TGT (Position = Open) | D24: Gap Check | G24: Process | I24: Y / N | K24: Status | L24: Step 1 | P24: Order Placement Timings | R24: Time | T24: Rules For Gaps | W24: Data | X24: Buffer | AA24: Rules For Re Entry
A25: A | B25: ORPT | C25: RC. Time | D25: For Long SL | G25: Check If | H25: LL < Long SL | I25: No | K25: FSL / TRP Not Missed | L25: Place the Order at ORPT | P25: ORPT Time | U25: N.A. | W25: N.A. | X25: N.A. | AA25: Short Entry : Bull/ Bull CF :
A26: B | I26: Yes | K26: FSL / TRP Missed | L26: Recalcuate : Long FSL / TRP : Bull / Bull CF | P26: Wait Till Recalculation Time | U26: LL | Z26: - | AA26: CDLL
B27: I Commit To Follow The Rules & Process | L27: Recalcuate : Long FSL / TRP : Bear / Bear CF | P27: Wait Till Recalculation Time | U27: LL | Z27: -
L28: Recalcuate : Short Entry : Bull / Bull CF | P28: Wait Till Recalculation Time | T28: Min | U28: LL | Z28: -
L29: Recalcuate : Short Entry : Bear / Bear CF | P29: Wait Till Recalculation Time | T29: Min | U29: LL | Z29: - | AA29: Short Entry : Bear/ Bear CF :
B30: By Asmita Patel. | D30: For Short SL | G30: Check If | H30: HH > Short SL | I30: No | K30: FSL / TRP Not Missed | L30: Place the Order at ORPT | P30: ORPT Time | T30: N.A. | W30: N.A. | X30: N.A. | AA30: CDLL
I31: Yes | K31: FSL / TRP Missed | L31: Recalcuate : Short FSL / TRP : Bull / Bull CF | P31: Wait Till Recalculation Time | U31: HH | X31: 0 | Z31: +
L32: Recalcuate : Short FSL / TRP : Bear / Bear CF | P32: Wait Till Recalculation Time | U32: HH | X32: 0 | Z32: +
L33: Recalcuate : Long Entry : Bull / Bull CF | P33: Wait Till Recalculation Time | T33: Max | U33: HH | Z33: + | AA33: When Your Short Position is Exited
L34: Recalcuate : Long Entry : Bear / Bear CF | P34: Wait Till Recalculation Time | T34: Max | U34: HH | Z34: + | AA34: This is Only Applicable for Same Day
B35: For Missed SL (Position = Open) | I35: For Long SL | T35: For Short SL
A36: A | B36: Check time | D36: Note: ( Optional ) | G36: Check If Close at | H36: < Long Original SL | I36: Yes | K36: Then Square Off The Position At CMP at | T36: Check If Close at | U36: > Short Original SL | W36: Then Square Off The Position At CMP at
G37: Check If Close at | H37: > Long Original SL | I37: Yes | K37: Then Continue the Position for Next Day And Calculate Stop Loss Price as per the Rules | T37: Check If Close at | U37: < Short Original SL | W37: Then Continue the Position for Next Day And Calculate Stop Loss Price as per the Rules
B39: EQUITY
A41: Wishing You A Peace, Joy & Prosperity !! | H41: ENTRY | I41: LOTS | K41: TGT 1 | L41: LOTS | N41: TGT 2 | O41: LOTS | Q41: TGT 3 | R41: LOTS | T41: TGT 4 | U41: LOTS | W41: TGT 5 | X41: LOTS | Z41: TGT 6 | AA41: LOTS
H42: SL AFTER ENTRY | K42: TR PROFIT AFTER TGT 1 | N42: TR PROFIT AFTER TGT 2 | Q42: TR PROFIT AFTER TGT 3 | T42: TR PROFIT AFTER TGT 4 | W42: TR PROFIT AFTER TGT 5 | Z42: TR PROFIT AFTER TGT 6
A44: A | B44: Sr. No. | D44: ATH | E44: Check All Time High Price Till Previous Month | F44: BUY | G44: E & T
A45: A | B45: Strategy Code | E45: Candle should Close Above All Time High | G45: SL / TRP | Z45: N.A.
B46: Unique Code
B48: Segment | E48: ORPT | F48: RC. Time | G48: Gap Check | H48: Process | J48: Y / N | K48: Order Status | L48: Step 1 | P48: Order Placement Timings | R48: Time | T48: Rules For Gaps | V48: Data | W48: Buffer | Y48: + | - | Z48: Rules For Re Entry
A49: A | B49: Symbol | D49: For Entry | G49: For Long Entry | H49: Check If | I49: HH > Long Entry | J49: No | K49: Entry Not Missed | L49: Place the Order at ORPT | P49: ORPT Time | T49: N.A. | V49: N.A. | W49: N.A. | Z49: Check All Time High Price Till Previous Month & Current Month
A50: B | B50: No. of TGT | D50: For SL (Position = Open) | J50: Yes | K50: Entry Missed | L50: Recalcuate : Long Entry : Bull / Bull CF | P50: Wait Till Recalculation Time | T50: Max | U50: HH | Y50: + | Z50: Candle should Close Above All Time High
A51: A | B51: I Commit To Follow The Rules & Process | D51: For TGT (Position = Open) | G51: For Long SL | H51: Check If | I51: LL < Long SL | J51: No | K51: FSL / TRP Not Missed | L51: Place the Order at ORPT | P51: ORPT Time | U51: N.A. | V51: N.A. | W51: N.A. | Z51: ENTRY :
A52: B | J52: Yes | K52: FSL / TRP Missed | L52: Recalcuate : Long FSL / TRP : Bull / Bull CF | P52: Wait Till Recalculation Time | U52: LL | Y52: -
B54: OB
A56: Wishing You A Peace, Joy & Prosperity !! | D56: MONTHLY STATUS | F56: OPTION TYPE | G56: START STRIKE | H56: IDEAL PREMIUM | I56: MINIMUM OI | J56: MONTHLY STATUS | K56: OPTION TYPE | M56: ENTRY | N56: LOTS | O56: TGT 1 | P56: LOTS | R56: TGT 2 | S56: LOTS | T56: TGT 3 | U56: LOTS | V56: TGT 4 | W56: LOTS | X56: TGT 5 | Y56: LOTS | Z56: TGT 6 | AA56: LOTS
G57: END STRIKE | H57: MINIMUM PREMIUM | I57: NO OF EXP | M57: SL AFTER ENTRY | O57: TR PROFIT AFTER TGT 1 | R57: TR PROFIT AFTER TGT 2 | T57: TR PROFIT AFTER TGT 3 | V57: TR PROFIT AFTER TGT 4 | X57: TR PROFIT AFTER TGT 5 | Z57: TR PROFIT AFTER TGT 6
A59: =IF(C59="","",CONCATENATE(C60,'AB5'!$A$4)) | B59: Sr. No. | D59: BULL / BULL CF | F59: Call | G59: & | H59: * | I59: Lots | J59: BULL / BULL CF | K59: Call | L59: =IF(C59="","",'AB5'!$G$4)
A60: =IF(C59="","",CONCATENATE(C60,'AB5'!$A$5)) | B60: Strategy Code | G60: & | H60: * | I60: Exp | L60: =IF(C59="","",'AB5'!$G$5)
A61: =IF(C59="","",CONCATENATE(C60,'AB5'!A6)) | B61: Unique Code
A62: =IF(C59="","",CONCATENATE(C60,'AB5'!$A$7)) | F62: Put | H62: * | I62: Lots | K62: Put | L62: =IF(C59="","",'AB5'!$G$7)
A63: =IF(C59="","",CONCATENATE(C60,'AB5'!$A$8)) | H63: * | I63: Exp | L63: =IF(C59="","",'AB5'!$G$8)
A64: =IF(C59="","",CONCATENATE(C60,'AB5'!$A$9)) | B64: Segment
A65: =IF(C59="","",CONCATENATE(C60,'AB5'!$A$10)) | B65: Symbol | D65: BEAR / BEAR CF | F65: Call | H65: * | I65: Lots | J65: BEAR / BEAR CF | K65: Call | L65: =IF(C59="","",'AB5'!$G$10)
A66: =IF(C59="","",CONCATENATE(C60,'AB5'!$A$11)) | B66: No. of TGT | H66: * | I66: Exp | L66: =IF(C59="","",'AB5'!$G$11)
A67: =IF(C59="","",CONCATENATE(C60,'AB5'!A12)) | B67: I Commit To Follow The Rules & Process
A68: =IF(C59="","",CONCATENATE(C60,'AB5'!$A$13)) | F68: Put | H68: * | I68: Lots | K68: Put | L68: =IF(C59="","",'AB5'!$G$13)
A69: =IF(C59="","",CONCATENATE(C60,'AB5'!$A$14)) | H69: * | I69: Exp | L69: =IF(C59="","",'AB5'!$G$14)
B71: For Entry | D71: Gap Check | E71: Process | G71: Yes / No | H71: Order Status | I71: Step 1 | J71: Order Placement Timings | L71: Time | M71: Rules For Gap = Step 1 Start Strike | N71: Start Strike Buffer | O71: Rules For Gap = Step 2 End Strike | P71: End Strike Buffer | S71: Data | T71: Ideal Premium | V71: Minimum Premium | W71: Minimum OI | X71: Rules For Gap = Step 3 Revised Option Entry | Z71: Data | AA71: Buffer
A72: S1A | B72: ORPT | C72: RC. Time | D72: For Call Sell Entry | E72: Check If | F72: LL < Call Sell Entry | G72: No | H72: Entry Not Missed | I72: Place the Order at ORPT | J72: ORPT Time | M72: N.A. | N72: N.A. | O72: N.A. | P72: N.A. | S72: N.A. | T72: N.A. | V72: N.A. | W72: N.A. | X72: N.A. | Z72: N.A. | AA72: N.A.
A73: S1B | G73: Yes | H73: Entry Missed | I73: Recalcuate : Call Sell Entry : Bull / Bull CF | J73: Wait Till Recalculation Time | M73: Min of | O73: Min of | S73: LL | T73: Min of | V73: Min of | X73: Min of | Z73: LL | AA73: 0.05%
I74: Recalcuate : Call Sell Entry : Bear / Bear CF | J74: Wait Till Recalculation Time | M74: Min of | O74: Min of | S74: LL | T74: Min of | V74: Min of | X74: Min of | Z74: LL | AA74: 0.05%
B75: For SL (Position = Open) | D75: For Put Sell Entry | E75: Check If | F75: LL < Put Sell Entry | G75: No | H75: Entry Not Missed | I75: Place the Order at ORPT | J75: ORPT Time | M75: N.A. | N75: N.A. | O75: N.A. | P75: N.A. | S75: N.A. | T75: N.A. | V75: N.A. | W75: N.A. | X75: N.A. | Z75: N.A. | AA75: N.A.
A76: S1A | B76: ORPT | C76: RC. Time | G76: Yes | H76: Entry Missed | I76: Recalcuate : Put Sell Entry : Bull / Bull CF | J76: Wait Till Recalculation Time | M76: Max of | O76: Max of | S76: LL | T76: Min of | V76: Min of | X76: Min of | Z76: LL | AA76: 0.05%
A77: S1B | I77: Recalcuate : Put Sell Entry : Bear / Bear CF | J77: Wait Till Recalculation Time | M77: Max of | O77: Max of | S77: LL | T77: Min of | V77: Min of | X77: Min of | Z77: LL | AA77: 0.05%
B79: For TGT (Position = Open) | D79: Gap Check | E79: Process | G79: Y / N | H79: Status | I79: Step 1 | J79: Order Placement Timings | L79: Time | M79: Rules For Gaps | N79: Data | O79: Buffer | P79: Monthly Status | Q79: Options Type | R79: Start Strike | S79: End Strike | U79: Ideal Premium | W79: Minimum Premium | Y79: Minimum OI | Z79: Option Entry
A80: S1A | B80: ORPT | C80: RC. Time | D80: For Call Sell SL | E80: Check If | F80: HH > Call Sell SL | G80: No | H80: FSL / TRP Not Missed | I80: Place the Order at ORPT | J80: ORPT Time | M80: N.A. | N80: N.A. | O80: N.A. | P80: BULL / BULL CF | Q80: Call | R80: SPT : CDLL | S80: SPT : CDLL | U80: SPT : CDLL | W80: SPT : CDLL | Z80: OPT : CDLL
A81: S1B | G81: Yes | H81: FSL / TRP Missed | I81: Recalcuate : Call Sell FSL / TRP : Bull / Bull CF | J81: Wait Till Recalculation Time | M81: + | N81: HH | Q81: Put | R81: SPT : CDHH | S81: SPT : CDHH | U81: SPT : CDLL | W81: SPT : CDLL | Z81: OPT : CDLL
I82: Recalcuate : Call Sell FSL / TRP : Bear / Bear CF | J82: Wait Till Recalculation Time | M82: + | N82: HH | P82: BEAR / BEAR CF | Q82: Call | R82: SPT : CDLL | S82: SPT : CDLL | U82: SPT : CDLL | W82: SPT : CDLL | Z82: OPT : CDLL
B83: Stay Blessed !!! | D83: For Put Sell SL | E83: Check If | F83: HH > Short SL | G83: No | H83: FSL / TRP Not Missed | I83: Place the Order at ORPT | J83: ORPT Time | M83: N.A. | N83: N.A. | O83: N.A. | Q83: Put | R83: SPT : CDHH | S83: SPT : CDHH | U83: SPT : CDLL | W83: SPT : CDLL | Z83: OPT : CDLL
G84: Yes | H84: FSL / TRP Missed | I84: Recalcuate : Short FSL / TRP : Bull / Bull CF | J84: Wait Till Recalculation Time | M84: + | N84: HH | P84: When You Call And Put Position is Exited
I85: Recalcuate : Short FSL / TRP : Bear / Bear CF | J85: Wait Till Recalculation Time | M85: + | N85: HH | P85: This is Only Applicable for Same Day
B86: For Missed SL (Position = Open) | I86: For Long SL | T86: For Short SL
A87: A | B87: Check time | D87: Note: ( Optional ) | G87: Check If Close at | H87: < Long Original SL | I87: Yes | K87: Then Square Off The Position At CMP at | T87: Check If Close at | U87: > Short Original SL | W87: Then Square Off The Position At CMP at
G88: Check If Close at | H88: > Long Original SL | I88: Yes | K88: Then Continue the Position for Next Day And Calculate Stop Loss Price as per the Rules | T88: Check If Close at | U88: < Short Original SL | W88: Then Continue the Position for Next Day And Calculate Stop Loss Price as per the Rules
B90: OS
A92: =IF(C92="","",CONCATENATE(C93,'AB5'!$A$4)) -> A | B92: =IF(C92="","",IF('AB5'!$B$4="","",'AB5'!$B$4)) -> Sr. No. | C92: 1 | D92: BULL / BULL CF | F92: Call | G92: & | H92: * | I92: Lots | J92: BULL / BULL CF | K92: Call | L92: =IF(C92="","",'AB5'!$G$4) -> E & T
A93: =IF(C92="","",CONCATENATE(C93,'AB5'!$A$5)) -> A | B93: =IF(C92="","",IF('AB5'!$B$5="","",'AB5'!$B$5)) -> Strategy Code | G93: & | H93: * | I93: Exp | L93: =IF(C92="","",'AB5'!$G$5) -> SL / TRP
A94: =IF(C92="","",CONCATENATE(C93,'AB5'!A34)) | B94: =IF(C92="","",IF('AB5'!$B$6="","",'AB5'!$B$6)) -> Unique Code
A95: =IF(C92="","",CONCATENATE(C93,'AB5'!$A$7)) -> B | F95: Put | H95: * | I95: Lots | K95: Put | L95: =IF(C92="","",'AB5'!$G$7) -> E & T
A96: =IF(C92="","",CONCATENATE(C93,'AB5'!$A$8)) -> B | H96: * | I96: Exp | L96: =IF(C92="","",'AB5'!$G$8) -> SL / TRP
A97: =IF(C92="","",CONCATENATE(C93,'AB5'!$A$9)) -> C | B97: =IF(C92="","",IF('AB5'!$B$9="","",'AB5'!$B$9)) -> Segment | C97: Options Buy
A98: =IF(C92="","",CONCATENATE(C93,'AB5'!$A$10)) -> D | B98: =IF(C92="","",IF('AB5'!$B$10="","",'AB5'!$B$10)) -> Symbol | D98: BEAR / BEAR CF | F98: Call | H98: * | I98: Lots | J98: BEAR / BEAR CF | K98: Call | L98: =IF(C92="","",'AB5'!$G$10) -> E & T
A99: =IF(C92="","",CONCATENATE(C93,'AB5'!$A$11)) -> D | B99: =IF(C92="","",IF('AB5'!$B$11="","",'AB5'!$B$11)) -> No. of TGT | H99: * | I99: Exp | L99: =IF(C92="","",'AB5'!$G$11) -> SL / TRP
A100: =IF(C92="","",CONCATENATE(C93,#REF!)) -> #REF! | B100: =IF(C92="","",IF('AB5'!$B$12="","",'AB5'!$B$12)) -> Stay Blessed !!!
A101: =IF(C92="","",CONCATENATE(C93,'AB5'!$A$13)) -> E | F101: Put | H101: * | I101: Lots | K101: Put | L101: =IF(C92="","",'AB5'!$G$13) -> E & T
A102: =IF(C92="","",CONCATENATE(C93,'AB5'!$A$14)) -> E | H102: * | I102: Exp | L102: =IF(C92="","",'AB5'!$G$14) -> SL / TRP
B104: For Entry | D104: Gap Check | E104: Process | G104: Yes / No | H104: Order Status | I104: Step 1 | J104: Order Placement Timings | L104: Time | M104: Rules For Gap = Step 1 Start Strike | N104: Start Strike Buffer | O104: Rules For Gap = Step 2 End Strike | P104: End Strike Buffer | S104: Data | T104: Maximum Premium | V104: Minimum Premium | W104: Minimum OI | X104: Rules For Gap = Step 3 Revised Option Entry | Z104: Data | AA104: Buffer
A105: S1A | B105: ORPT | C105: RC. Time | D105: For Call Sell Entry | E105: Check If | F105: LL < Call Sell Entry | G105: No | H105: Entry Not Missed | I105: Place the Order at ORPT | J105: ORPT Time | M105: N.A. | N105: N.A. | O105: N.A. | P105: N.A. | S105: N.A. | T105: N.A. | V105: N.A. | W105: N.A. | X105: N.A. | Z105: N.A. | AA105: N.A.
A106: S1B | G106: Yes | H106: Entry Missed | I106: Recalcuate : Call Sell Entry : Bull / Bull CF | J106: Wait Till Recalculation Time | M106: Min of | O106: Min of | S106: LL | T106: Min of | V106: Min of | X106: Min of | Z106: LL | AA106: 0.05%
I107: Recalcuate : Call Sell Entry : Bear / Bear CF | J107: Wait Till Recalculation Time | M107: Min of | O107: Min of | S107: LL | T107: Min of | V107: Min of | X107: Min of | Z107: LL | AA107: 0.05%
B108: For SL (Position = Open) | D108: For Put Sell Entry | E108: Check If | F108: LL < Put Sell Entry | G108: No | H108: Entry Not Missed | I108: Place the Order at ORPT | J108: ORPT Time | M108: N.A. | N108: N.A. | O108: N.A. | P108: N.A. | S108: N.A. | T108: N.A. | V108: N.A. | W108: N.A. | X108: N.A. | Z108: N.A. | AA108: N.A.
A109: S1A | B109: ORPT | C109: RC. Time | G109: Yes | H109: Entry Missed | I109: Recalcuate : Put Sell Entry : Bull / Bull CF | J109: Wait Till Recalculation Time | M109: Max of | O109: Max of | S109: HH | T109: Min of | V109: Min of | X109: Min of | Z109: LL | AA109: 0.05%
A110: S1B | I110: Recalcuate : Put Sell Entry : Bear / Bear CF | J110: Wait Till Recalculation Time | M110: Max of | O110: Max of | S110: HH | T110: Min of | V110: Min of | X110: Min of | Z110: LL | AA110: 0.05%
B112: For TGT (Position = Open) | D112: Gap Check | E112: Process | G112: Y / N | H112: Status | I112: Step 1 | J112: Order Placement Timings | L112: Time | M112: Rules For Gaps | N112: Data | O112: Buffer | P112: Steps | R112: Start strike | S112: End strike | U112: Min Premium | W112: Max premium | Y112: Min OI | Z112: Re- entry
A113: S1A | B113: ORPT | C113: RC. Time | D113: For Call Sell SL | E113: Check If | F113: HH > Call Sell SL | G113: No | H113: FSL / TRP Not Missed | I113: Place the Order at ORPT | J113: ORPT Time | M113: N.A. | N113: N.A. | O113: N.A. | R113: N.A | S113: N.A | U113: N.A | W113: N.A | Z113: N.A
A114: S1B | G114: Yes | H114: FSL / TRP Missed | I114: Recalcuate : Call Sell FSL / TRP : Bull / Bull CF | J114: Wait Till Recalculation Time | M114: 09:14:59 am HH | N114: 09:14:59 am LL | O114: 0.05% | R114: CDLL | S114: CDLL | U114: CDLL | W114: CDLL | Z114: CDLL
I115: Recalcuate : Call Sell FSL / TRP : Bear / Bear CF | J115: Wait Till Recalculation Time | M115: 09:14:59 am HH | N115: 09:14:59 am LL | O115: 0.05% | R115: CDHH | S115: CDHH | U115: CDHH | W115: CDHH | Z115: CDHH
B116: Stay Blessed !!! | D116: For Put Sell SL | E116: Check If | F116: HH > Short SL | G116: No | H116: FSL / TRP Not Missed | I116: Place the Order at ORPT | J116: ORPT Time | M116: N.A. | N116: N.A. | O116: N.A. | R116: N.A | S116: N.A | U116: N.A | W116: N.A | Z116: N.A
...
